column,reason
frame.time,publisher drop list: identifier/timestamp/port/free-text payload (leakage)
ip.src_host,publisher drop list: identifier/timestamp/port/free-text payload (leakage)
ip.dst_host,publisher drop list: identifier/timestamp/port/free-text payload (leakage)
arp.src.proto_ipv4,publisher drop list: identifier/timestamp/port/free-text payload (leakage)
arp.dst.proto_ipv4,publisher drop list: identifier/timestamp/port/free-text payload (leakage)
http.file_data,publisher drop list: identifier/timestamp/port/free-text payload (leakage)
http.request.full_uri,publisher drop list: identifier/timestamp/port/free-text payload (leakage)
icmp.transmit_timestamp,publisher drop list: identifier/timestamp/port/free-text payload (leakage)
http.request.uri.query,publisher drop list: identifier/timestamp/port/free-text payload (leakage)
tcp.options,publisher drop list: identifier/timestamp/port/free-text payload (leakage)
tcp.payload,publisher drop list: identifier/timestamp/port/free-text payload (leakage)
tcp.srcport,publisher drop list: identifier/timestamp/port/free-text payload (leakage)
tcp.dstport,publisher drop list: identifier/timestamp/port/free-text payload (leakage)
udp.port,publisher drop list: identifier/timestamp/port/free-text payload (leakage)
mqtt.msg,publisher drop list: identifier/timestamp/port/free-text payload (leakage)
icmp.unused,constant across the whole file (no information)
http.tls_port,constant across the whole file (no information)
dns.qry.type,constant across the whole file (no information)
dns.retransmit_request_in,constant across the whole file (no information)
mqtt.msg_decoded_as,constant across the whole file (no information)
mbtcp.len,constant across the whole file (no information)
mbtcp.trans_id,constant across the whole file (no information)
mbtcp.unit_id,constant across the whole file (no information)
